{"cameraMode":{"drawMode":0,"name":"Shaded","section":"Shading Mode"},"sceneLighting":false,"audioPlay":false,"sceneViewState":{"m_AlwaysRefresh":true,"showFog":true,"showSkybox":false,"showFlares":true,"showImageEffects":true,"showParticleSystems":true,"showVisualEffectGraphs":true,"m_FxEnabled":true},"in2DMode":false,"pivot":{"x":-2.258985996246338,"y":0.1313624531030655,"z":-0.0000743865966796875},"rotation":{"x":0.4665851294994354,"y":0.07255791872739792,"z":-0.03843074291944504,"w":0.8806817531585693},"size":0.3572305738925934,"orthographic":false}