{"cameraMode":{"drawMode":0,"name":"Shaded","section":"Shading Mode"},"sceneLighting":false,"audioPlay":false,"sceneViewState":{"m_AlwaysRefresh":true,"showFog":true,"showSkybox":false,"showFlares":true,"showImageEffects":true,"showParticleSystems":true,"showVisualEffectGraphs":true,"m_FxEnabled":true},"in2DMode":false,"pivot":{"x":-2.294766426086426,"y":1.2063506841659547,"z":-1.4204816818237305},"rotation":{"x":0.26783326268196108,"y":-0.026036258786916734,"z":0.007132616359740496,"w":0.9632502794265747},"size":0.01864277571439743,"orthographic":false}