{"cameraMode":{"drawMode":0,"name":"Shaded","section":"Shading Mode"},"sceneLighting":false,"audioPlay":false,"sceneViewState":{"m_AlwaysRefresh":true,"showFog":true,"showSkybox":false,"showFlares":true,"showImageEffects":true,"showParticleSystems":true,"showVisualEffectGraphs":true,"m_FxEnabled":true},"in2DMode":false,"pivot":{"x":-2.2300007343292238,"y":0.2892141342163086,"z":-2.980232238769531e-7},"rotation":{"x":0.3542309105396271,"y":0.26972922682762148,"z":-0.10748332738876343,"w":0.8889420032501221},"size":0.5173555016517639,"orthographic":false}