{"cameraMode":{"drawMode":0,"name":"Shaded","section":"Shading Mode"},"sceneLighting":false,"audioPlay":false,"sceneViewState":{"m_AlwaysRefresh":true,"showFog":true,"showSkybox":false,"showFlares":true,"showImageEffects":true,"showParticleSystems":true,"showVisualEffectGraphs":true,"m_FxEnabled":true},"in2DMode":false,"pivot":{"x":-1.4195441007614136,"y":0.8681455850601196,"z":0.2954202890396118},"rotation":{"x":0.29209840297698977,"y":0.0028879488818347456,"z":-0.0008120642160065472,"w":0.9564552307128906},"size":1.299038052558899,"orthographic":false}