{"cameraMode":{"drawMode":0,"name":"Shaded","section":"Shading Mode"},"sceneLighting":false,"audioPlay":false,"sceneViewState":{"m_AlwaysRefresh":true,"showFog":true,"showSkybox":false,"showFlares":true,"showImageEffects":true,"showParticleSystems":true,"showVisualEffectGraphs":true,"m_FxEnabled":true},"in2DMode":false,"pivot":{"x":-2.2300007343292238,"y":0.2892141342163086,"z":-2.980232238769531e-7},"rotation":{"x":0.4665851294994354,"y":0.07255791872739792,"z":-0.03843074291944504,"w":0.8806817531585693},"size":0.5173555016517639,"orthographic":false}