{"cameraMode":{"drawMode":0,"name":"Shaded","section":"Shading Mode"},"sceneLighting":false,"audioPlay":false,"sceneViewState":{"m_AlwaysRefresh":true,"showFog":true,"showSkybox":false,"showFlares":true,"showImageEffects":true,"showParticleSystems":true,"showVisualEffectGraphs":true,"m_FxEnabled":true},"in2DMode":false,"pivot":{"x":0.2827530801296234,"y":1.411189317703247,"z":0.21400542557239533},"rotation":{"x":0.22481614351272584,"y":0.6429683566093445,"z":-0.20565932989120484,"w":0.702745795249939},"size":1.404276967048645,"orthographic":false}